{
  "total_publicaciones": 144,
  "ultima_ejecucion": "2026-02-13 21:19:13",
  "fecha_ultima_publicacion": "2026-02-13 21:19:13",
  "historial_reciente": [
    "mensaje-010.txt",
    "mensaje-019.txt",
    "mensaje-014.txt",
    "mensaje-020.txt",
    "mensaje-011.txt",
    "mensaje-004.txt",
    "mensaje-018.txt",
    "mensaje-012.txt",
    "mensaje-016.txt",
    "mensaje-008.txt",
    "mensaje-006.txt",
    "mensaje-019.txt",
    "mensaje-013.txt",
    "mensaje-007.txt",
    "mensaje-014.txt",
    "mensaje-010.txt",
    "mensaje-002.txt",
    "mensaje-016.txt",
    "mensaje-017.txt",
    "mensaje-003.txt",
    "mensaje-005.txt",
    "mensaje-012.txt",
    "mensaje-011.txt",
    "mensaje-001.txt",
    "mensaje-002.txt",
    "mensaje-015.txt",
    "mensaje-010.txt",
    "mensaje-012.txt",
    "mensaje-014.txt",
    "mensaje-005.txt",
    "mensaje-017.txt",
    "mensaje-020.txt",
    "mensaje-019.txt",
    "mensaje-018.txt",
    "mensaje-014.txt",
    "mensaje-016.txt",
    "mensaje-012.txt",
    "mensaje-006.txt",
    "mensaje-008.txt",
    "mensaje-007.txt",
    "mensaje-004.txt",
    "mensaje-020.txt",
    "mensaje-013.txt",
    "mensaje-009.txt",
    "mensaje-001.txt",
    "mensaje-019.txt",
    "mensaje-008.txt",
    "mensaje-018.txt",
    "mensaje-020.txt",
    "mensaje-010.txt",
    "mensaje-014.txt",
    "mensaje-021.txt",
    "mensaje-004.txt",
    "mensaje-013.txt",
    "mensaje-011.txt",
    "mensaje-016.txt",
    "mensaje-005.txt",
    "mensaje-012.txt",
    "mensaje-002.txt",
    "mensaje-007.txt",
    "mensaje-009.txt",
    "mensaje-021.txt",
    "mensaje-010.txt",
    "mensaje-017.txt",
    "mensaje-011.txt",
    "mensaje-015.txt",
    "mensaje-018.txt",
    "mensaje-003.txt",
    "mensaje-002.txt",
    "mensaje-013.txt",
    "mensaje-017.txt",
    "mensaje-009.txt"
  ],
  "historial_completo": [
    {
      "fecha": "2025-12-25 23:00:55",
      "mensaje_archivo": "mensaje-010.txt",
      "contenido_preview": "10. La resurrección y la vida eterna\nLa resurrección de Jesús cambió todo, hermanos. No fue solo que...",
      "longitud": 573,
      "estado": "exitoso",
      "intentos": 1,
      "tiempo_ejecucion": 33.8,
      "tipo": "biblico"
    },
    {
      "fecha": "2025-12-25 23:06:52",
      "mensaje_archivo": "predica-001.txt",
      "contenido_preview": "⏰ Vale la pena ver esto\n\nhttps://www.instagram.com/reel/DQX-hUADPpe/?igsh=MTUwcGUxeWhpeWRzbg==",
      "longitud": 94,
      "estado": "exitoso",
      "intentos": 1,
      "tiempo_ejecucion": 48.3,
      "tipo": "predicacion"
    },
    {
      "fecha": "2025-12-25 23:12:08",
      "mensaje_archivo": "mensaje-019.txt",
      "contenido_preview": "19. La reconciliación con Dios\nTodos nacemos separados de Dios por el pecado, pero Cristo vino a rec...",
      "longitud": 592,
      "estado": "exitoso",
      "intentos": 1,
      "tiempo_ejecucion": 32.2,
      "tipo": "biblico"
    },
    {
      "fecha": "2025-12-25 23:31:46",
      "mensaje_archivo": "predica-002.txt",
      "contenido_preview": "⏰ Vale la pena ver esto\n\nhttps://www.instagram.com/reel/DRvmMz7EaaO/?igsh=MWM3eXhqN3k5cGEzNg==",
      "longitud": 94,
      "estado": "exitoso",
      "intentos": 1,
      "tiempo_ejecucion": 48.4,
      "tipo": "predicacion"
    },
    {
      "fecha": "2025-12-26 00:11:51",
      "mensaje_archivo": "mensaje-014.txt",
      "contenido_preview": "14. La victoria sobre el pecado\nHermanos, el pecado ya no es tu jefe. Pablo grita: \"El pecado no se ...",
      "longitud": 530,
      "estado": "exitoso",
      "intentos": 1,
      "tiempo_ejecucion": 32.9,
      "tipo": "biblico"
    },
    {
      "fecha": "2025-12-26 00:57:17",
      "mensaje_archivo": "predica-003.txt",
      "contenido_preview": "⏰ Vale la pena ver esto\n\nhttps://www.instagram.com/reel/DSODAsikZh7/?igsh=MWRqMDZ0cWE1cXl5eQ==",
      "longitud": 94,
      "estado": "exitoso",
      "intentos": 1,
      "tiempo_ejecucion": 50.2,
      "tipo": "predicacion"
    },
    {
      "fecha": "2025-12-26 20:07:29",
      "mensaje_archivo": "mensaje-020.txt",
      "contenido_preview": "20. La nueva identidad en Cristo\nCuando aceptas a Jesús, no solo cambias de religión - ¡cambias de i...",
      "longitud": 541,
      "estado": "exitoso",
      "intentos": 1,
      "tiempo_ejecucion": 36.1,
      "tipo": "biblico"
    },
    {
      "fecha": "2025-12-26 21:51:55",
      "mensaje_archivo": "predica-004.txt",
      "contenido_preview": "⏰ Vale la pena ver esto\n\nhttps://www.instagram.com/reel/DSWP2sSjB_X/?igsh=MWpybmZ6ZXpwcjlmOQ==",
      "longitud": 94,
      "estado": "exitoso",
      "intentos": 1,
      "tiempo_ejecucion": 49.3,
      "tipo": "predicacion"
    },
    {
      "fecha": "2025-12-26 23:21:30",
      "mensaje_archivo": "mensaje-011.txt",
      "contenido_preview": "11. La comunidad de creyentes (la Iglesia)\nLa iglesia no es el edificio, mi gente, ¡somos nosotros! ...",
      "longitud": 608,
      "estado": "exitoso",
      "intentos": 1,
      "tiempo_ejecucion": 33.8,
      "tipo": "biblico"
    },
    {
      "fecha": "2025-12-26 23:26:19",
      "mensaje_archivo": "predica-005.txt",
      "contenido_preview": "⏰ Vale la pena ver esto\n\nhttps://www.instagram.com/reel/DSLeCvlEQ4y/?igsh=eWo4bDUwN3ZwcHdt",
      "longitud": 90,
      "estado": "exitoso",
      "intentos": 1,
      "tiempo_ejecucion": 48.3,
      "tipo": "predicacion"
    },
    {
      "fecha": "2025-12-27 21:41:11",
      "mensaje_archivo": "mensaje-004.txt",
      "contenido_preview": "4. El Reino de Dios\nEl Reino de Dios no es un lugar físico, hermanos, ¡es donde Dios gobierna! Ya co...",
      "longitud": 545,
      "estado": "exitoso",
      "intentos": 1,
      "tiempo_ejecucion": 34.7,
      "tipo": "biblico"
    },
    {
      "fecha": "2025-12-28 23:15:41",
      "mensaje_archivo": "predica-006.txt",
      "contenido_preview": "⏰ Vale la pena ver esto\n\nhttps://www.instagram.com/reel/DSYxhPVAA6x/?igsh=MWp4M3V5cTY5eWFjcw==",
      "longitud": 94,
      "estado": "exitoso",
      "intentos": 1,
      "tiempo_ejecucion": 51.2,
      "tipo": "predicacion"
    },
    {
      "fecha": "2025-12-29 16:01:33",
      "mensaje_archivo": "mensaje-018.txt",
      "contenido_preview": "18. El amor sacrificial de Cristo\nEl amor de Cristo no es sentimiento romántico, ¡es amor que sacrif...",
      "longitud": 587,
      "estado": "exitoso",
      "intentos": 1,
      "tiempo_ejecucion": 39.3,
      "tipo": "biblico"
    },
    {
      "fecha": "2025-12-29 20:19:37",
      "mensaje_archivo": "predica-007.txt",
      "contenido_preview": "⏰ Vale la pena ver esto\n\nhttps://www.instagram.com/reel/DRxhHgniKmH/?igsh=YTZoemk5ZGpkaTlk",
      "longitud": 90,
      "estado": "exitoso",
      "intentos": 1,
      "tiempo_ejecucion": 55.1,
      "tipo": "predicacion"
    },
    {
      "fecha": "2025-12-30 23:17:56",
      "mensaje_archivo": "mensaje-012.txt",
      "contenido_preview": "12. La Gran Comisión (evangelización)\nAntes de subir al cielo, Jesús nos dio la misión más grande: \"...",
      "longitud": 562,
      "estado": "exitoso",
      "intentos": 1,
      "tiempo_ejecucion": 34.2,
      "tipo": "biblico"
    },
    {
      "fecha": "2026-01-01 19:31:18",
      "mensaje_archivo": "predica-008.txt",
      "contenido_preview": "⏰ Vale la pena ver esto\n\nhttps://www.instagram.com/reel/DSjRiNWjQFZ/?igsh=MXZ5cG9weTNkdWI5bQ==",
      "longitud": 94,
      "estado": "exitoso",
      "intentos": 1,
      "tiempo_ejecucion": 59.5,
      "tipo": "predicacion"
    },
    {
      "fecha": "2026-01-01 21:19:00",
      "mensaje_archivo": "mensaje-016.txt",
      "contenido_preview": "16. La transformación del carácter\nCuando Cristo entra a tu vida, comenzó un proyecto de renovación ...",
      "longitud": 577,
      "estado": "exitoso",
      "intentos": 1,
      "tiempo_ejecucion": 34.8,
      "tipo": "biblico"
    },
    {
      "fecha": "2026-01-02 12:46:36",
      "mensaje_archivo": "predica-009.txt",
      "contenido_preview": "⏰ Vale la pena ver esto\n\nhttps://www.instagram.com/reel/DRptYv-ioLp/?igsh=MWtqZDZhZGVwOXd1Mg==",
      "longitud": 94,
      "estado": "exitoso",
      "intentos": 1,
      "tiempo_ejecucion": 49.0,
      "tipo": "predicacion"
    },
    {
      "fecha": "2026-01-02 13:01:23",
      "mensaje_archivo": "mensaje-008.txt",
      "contenido_preview": "8. El servicio y la humildad\nJesús nos volteó el mundo al revés cuando se agachó a lavar los pies de...",
      "longitud": 505,
      "estado": "exitoso",
      "intentos": 1,
      "tiempo_ejecucion": 33.4,
      "tipo": "biblico"
    },
    {
      "fecha": "2026-01-02 16:01:10",
      "mensaje_archivo": "predica-010.txt",
      "contenido_preview": "⏰ Vale la pena ver esto\n\nhttps://www.instagram.com/reel/DSvKYmNiUiz/?igsh=MXZhMWc0dGY5ZjZiYw==",
      "longitud": 94,
      "estado": "exitoso",
      "intentos": 1,
      "tiempo_ejecucion": 56.8,
      "tipo": "predicacion"
    },
    {
      "fecha": "2026-01-03 08:41:26",
      "mensaje_archivo": "mensaje-006.txt",
      "contenido_preview": "6. El Espíritu Santo y sus frutos\nEl Espíritu Santo es Dios viviendo dentro de ti, hermanos. No es u...",
      "longitud": 564,
      "estado": "exitoso",
      "intentos": 1,
      "tiempo_ejecucion": 35.4,
      "tipo": "biblico"
    },
    {
      "fecha": "2026-01-03 11:01:13",
      "mensaje_archivo": "predica-011.txt",
      "contenido_preview": "⏰ Vale la pena ver esto\n\nhttps://www.instagram.com/reel/DSJbKoAjMkD/?igsh=MTE0N3duN2dtMDAwbg==",
      "longitud": 94,
      "estado": "exitoso",
      "intentos": 1,
      "tiempo_ejecucion": 64.6,
      "tipo": "predicacion"
    },
    {
      "fecha": "2026-01-03 13:01:30",
      "mensaje_archivo": "mensaje-019.txt",
      "contenido_preview": "19. La reconciliación con Dios\nTodos nacemos separados de Dios por el pecado, pero Cristo vino a rec...",
      "longitud": 592,
      "estado": "exitoso",
      "intentos": 1,
      "tiempo_ejecucion": 39.4,
      "tipo": "biblico"
    },
    {
      "fecha": "2026-01-04 08:41:16",
      "mensaje_archivo": "predica-012.txt",
      "contenido_preview": "⏰ Vale la pena ver esto\n\nhttps://youtube.com/shorts/DnI5NajhOkU?si=3fcYRAyU3xsiTNn0",
      "longitud": 83,
      "estado": "exitoso",
      "intentos": 1,
      "tiempo_ejecucion": 64.7,
      "tipo": "predicacion"
    },
    {
      "fecha": "2026-01-04 09:19:17",
      "mensaje_archivo": "mensaje-013.txt",
      "contenido_preview": "13. Las bienaventuranzas\nEn el Sermón del Monte, Jesús nos dio las bienaventuranzas - las actitudes ...",
      "longitud": 561,
      "estado": "exitoso",
      "intentos": 1,
      "tiempo_ejecucion": 33.0,
      "tipo": "biblico"
    },
    {
      "fecha": "2026-01-04 11:01:07",
      "mensaje_archivo": "predica-013.txt",
      "contenido_preview": "⏰ Vale la pena ver esto\n\nhttps://www.instagram.com/reel/DSv8xMvjPW4/?igsh=MWJnN2RtajR3bnRhaQ==",
      "longitud": 94,
      "estado": "exitoso",
      "intentos": 1,
      "tiempo_ejecucion": 55.4,
      "tipo": "predicacion"
    },
    {
      "fecha": "2026-01-04 13:01:25",
      "mensaje_archivo": "mensaje-007.txt",
      "contenido_preview": "7. La oración y la comunión con Dios\nLa oración es tu línea directa con el Jefe de jefes. Jesús orab...",
      "longitud": 533,
      "estado": "exitoso",
      "intentos": 1,
      "tiempo_ejecucion": 38.3,
      "tipo": "biblico"
    },
    {
      "fecha": "2026-01-05 08:41:15",
      "mensaje_archivo": "predica-014.txt",
      "contenido_preview": "⏰ Vale la pena ver esto\n\nhttps://www.instagram.com/reel/DS8VjLfkUFM/?igsh=Zmt0MnE2b2Jvd3Jq",
      "longitud": 90,
      "estado": "exitoso",
      "intentos": 1,
      "tiempo_ejecucion": 60.1,
      "tipo": "predicacion"
    },
    {
      "fecha": "2026-01-05 10:12:21",
      "mensaje_archivo": "mensaje-014.txt",
      "contenido_preview": "14. La victoria sobre el pecado\nHermanos, el pecado ya no es tu jefe. Pablo grita: \"El pecado no se ...",
      "longitud": 530,
      "estado": "exitoso",
      "intentos": 1,
      "tiempo_ejecucion": 35.8,
      "tipo": "biblico"
    },
    {
      "fecha": "2026-01-05 11:01:08",
      "mensaje_archivo": "predica-015.txt",
      "contenido_preview": "⏰ Vale la pena ver esto\n\nhttps://www.instagram.com/reel/DS_N0BmDr6g/?igsh=MWRsaW05emkydXYxcg==",
      "longitud": 94,
      "estado": "exitoso",
      "intentos": 1,
      "tiempo_ejecucion": 55.6,
      "tipo": "predicacion"
    },
    {
      "fecha": "2026-01-05 16:01:28",
      "mensaje_archivo": "mensaje-010.txt",
      "contenido_preview": "10. La resurrección y la vida eterna\nLa resurrección de Jesús cambió todo, hermanos. No fue solo que...",
      "longitud": 573,
      "estado": "exitoso",
      "intentos": 1,
      "tiempo_ejecucion": 38.7,
      "tipo": "biblico"
    },
    {
      "fecha": "2026-01-06 08:41:11",
      "mensaje_archivo": "predica-016.txt",
      "contenido_preview": "⏰ Vale la pena ver esto\n\nhttps://www.instagram.com/reel/DTBHihyCFWt/?igsh=MTA5enV5OHZzbzhocg==",
      "longitud": 94,
      "estado": "exitoso",
      "intentos": 1,
      "tiempo_ejecucion": 57.8,
      "tipo": "predicacion"
    },
    {
      "fecha": "2026-01-06 11:01:28",
      "mensaje_archivo": "mensaje-002.txt",
      "contenido_preview": "2. La salvación por fe en Cristo\nMi gente, aquí está la noticia más grande: ¡no tienes que ganarte e...",
      "longitud": 544,
      "estado": "exitoso",
      "intentos": 1,
      "tiempo_ejecucion": 38.1,
      "tipo": "biblico"
    },
    {
      "fecha": "2026-01-06 13:01:05",
      "mensaje_archivo": "predica-017.txt",
      "contenido_preview": "⏰ Vale la pena ver esto\n\nhttps://www.youtube.com/shorts/D69p6yqaoTk",
      "longitud": 67,
      "estado": "exitoso",
      "intentos": 1,
      "tiempo_ejecucion": 53.2,
      "tipo": "predicacion"
    },
    {
      "fecha": "2026-01-06 16:01:29",
      "mensaje_archivo": "mensaje-016.txt",
      "contenido_preview": "16. La transformación del carácter\nCuando Cristo entra a tu vida, comenzó un proyecto de renovación ...",
      "longitud": 577,
      "estado": "exitoso",
      "intentos": 1,
      "tiempo_ejecucion": 39.9,
      "tipo": "biblico"
    },
    {
      "fecha": "2026-01-07 08:41:16",
      "mensaje_archivo": "predica-018.txt",
      "contenido_preview": "⏰ Vale la pena ver esto\n\nhttps://www.instagram.com/reel/DSu-V8fjZZJ/?igsh=MjJra2twd3RlOXY5",
      "longitud": 90,
      "estado": "exitoso",
      "intentos": 1,
      "tiempo_ejecucion": 63.8,
      "tipo": "predicacion"
    },
    {
      "fecha": "2026-01-07 11:01:41",
      "mensaje_archivo": "mensaje-017.txt",
      "contenido_preview": "17. La fidelidad en las pruebas\nLa vida cristiana no es un parque de diversiones, hermanos. Vendrán ...",
      "longitud": 526,
      "estado": "exitoso",
      "intentos": 1,
      "tiempo_ejecucion": 47.1,
      "tipo": "biblico"
    },
    {
      "fecha": "2026-01-07 16:01:08",
      "mensaje_archivo": "predica-019.txt",
      "contenido_preview": "⏰ Vale la pena ver esto\n\nhttps://www.instagram.com/reel/DTDyBA7kSHT/?igsh=YTc5ZWdldHNpOXd0",
      "longitud": 90,
      "estado": "exitoso",
      "intentos": 1,
      "tiempo_ejecucion": 57.8,
      "tipo": "predicacion"
    },
    {
      "fecha": "2026-01-08 08:41:31",
      "mensaje_archivo": "mensaje-003.txt",
      "contenido_preview": "3. El arrepentimiento y el perdón\nEscúchenme bien: arrepentirse no es solo decir \"perdón\", es dar la...",
      "longitud": 537,
      "estado": "exitoso",
      "intentos": 1,
      "tiempo_ejecucion": 40.0,
      "tipo": "biblico"
    },
    {
      "fecha": "2026-01-08 11:01:06",
      "mensaje_archivo": "predica-020.txt",
      "contenido_preview": "⏰ Vale la pena ver esto\n\nhttps://www.instagram.com/reel/DTI5DlgEYp1/?igsh=bGoyYnlxMHJ5d29z",
      "longitud": 90,
      "estado": "exitoso",
      "intentos": 1,
      "tiempo_ejecucion": 56.2,
      "tipo": "predicacion"
    },
    {
      "fecha": "2026-01-08 13:01:31",
      "mensaje_archivo": "mensaje-005.txt",
      "contenido_preview": "5. La gracia divina\nLa gracia, mi gente querida, es cuando Dios te da lo que no mereces. Es su amor ...",
      "longitud": 484,
      "estado": "exitoso",
      "intentos": 1,
      "tiempo_ejecucion": 39.0,
      "tipo": "biblico"
    },
    {
      "fecha": "2026-01-08 16:01:12",
      "mensaje_archivo": "predica-021.txt",
      "contenido_preview": "⏰ Vale la pena ver esto\n\nhttps://www.instagram.com/reel/DR-ljI_DnXN/?igsh=MWxjcW1kM3A2bjhwMA==",
      "longitud": 94,
      "estado": "exitoso",
      "intentos": 1,
      "tiempo_ejecucion": 60.0,
      "tipo": "predicacion"
    },
    {
      "fecha": "2026-01-09 08:41:28",
      "mensaje_archivo": "mensaje-012.txt",
      "contenido_preview": "12. La Gran Comisión (evangelización)\nAntes de subir al cielo, Jesús nos dio la misión más grande: \"...",
      "longitud": 562,
      "estado": "exitoso",
      "intentos": 1,
      "tiempo_ejecucion": 38.4,
      "tipo": "biblico"
    },
    {
      "fecha": "2026-01-09 11:01:13",
      "mensaje_archivo": "predica-022.txt",
      "contenido_preview": "⏰ Vale la pena ver esto\n\nhttps://www.instagram.com/reel/DTI5DlgEYp1/?igsh=bGoyYnlxMHJ5d29z",
      "longitud": 90,
      "estado": "exitoso",
      "intentos": 1,
      "tiempo_ejecucion": 57.9,
      "tipo": "predicacion"
    },
    {
      "fecha": "2026-01-09 13:01:35",
      "mensaje_archivo": "mensaje-011.txt",
      "contenido_preview": "11. La comunidad de creyentes (la Iglesia)\nLa iglesia no es el edificio, mi gente, ¡somos nosotros! ...",
      "longitud": 608,
      "estado": "exitoso",
      "intentos": 1,
      "tiempo_ejecucion": 39.9,
      "tipo": "biblico"
    },
    {
      "fecha": "2026-01-09 16:01:12",
      "mensaje_archivo": "predica-023.txt",
      "contenido_preview": "⏰ Vale la pena ver esto\n\nhttps://www.instagram.com/reel/DTHmJXyjjCg/?igsh=MXU1aW1jZjI5cHRpdA==",
      "longitud": 94,
      "estado": "exitoso",
      "intentos": 1,
      "tiempo_ejecucion": 62.8,
      "tipo": "predicacion"
    },
    {
      "fecha": "2026-01-10 15:43:21",
      "mensaje_archivo": "mensaje-001.txt",
      "contenido_preview": "1. El amor a Dios y al prójimo\nHermanos, el amor es la base de todo lo que creemos. Jesús nos dijo b...",
      "longitud": 592,
      "estado": "exitoso",
      "intentos": 1,
      "tiempo_ejecucion": 34.9,
      "tipo": "biblico"
    },
    {
      "fecha": "2026-01-10 16:01:00",
      "mensaje_archivo": "predica-024.txt",
      "contenido_preview": "⏰ Vale la pena ver esto\n\nhttps://www.youtube.com/watch?v=mi8axOFDG6M",
      "longitud": 68,
      "estado": "exitoso",
      "intentos": 1,
      "tiempo_ejecucion": 51.2,
      "tipo": "predicacion"
    },
    {
      "fecha": "2026-01-11 09:52:14",
      "mensaje_archivo": "mensaje-002.txt",
      "contenido_preview": "2. La salvación por fe en Cristo\nMi gente, aquí está la noticia más grande: ¡no tienes que ganarte e...",
      "longitud": 544,
      "estado": "exitoso",
      "intentos": 1,
      "tiempo_ejecucion": 35.2,
      "tipo": "biblico"
    },
    {
      "fecha": "2026-01-11 11:01:10",
      "mensaje_archivo": "predica-025.txt",
      "contenido_preview": "⏰ Vale la pena ver esto\n\nhttps://www.instagram.com/reel/DTL2FufDFSO/?igsh=bWhleXFlNnJmOHdy",
      "longitud": 90,
      "estado": "exitoso",
      "intentos": 1,
      "tiempo_ejecucion": 59.8,
      "tipo": "predicacion"
    },
    {
      "fecha": "2026-01-11 13:01:19",
      "mensaje_archivo": "mensaje-015.txt",
      "contenido_preview": "15. La esperanza del regreso de Cristo\nJesús prometió: \"Volveré otra vez.\" Esa es nuestra esperanza ...",
      "longitud": 521,
      "estado": "exitoso",
      "intentos": 1,
      "tiempo_ejecucion": 34.0,
      "tipo": "biblico"
    },
    {
      "fecha": "2026-01-11 14:07:22",
      "mensaje_archivo": "predica-026.txt",
      "contenido_preview": "⏰ Vale la pena ver esto\n\nhttps://www.instagram.com/reel/DSx52F_DYk5/?igsh=OGk4bTFsZnZ5MzBr",
      "longitud": 90,
      "estado": "exitoso",
      "intentos": 1,
      "tiempo_ejecucion": 49.6,
      "tipo": "predicacion"
    },
    {
      "fecha": "2026-01-11 16:01:34",
      "mensaje_archivo": "mensaje-010.txt",
      "contenido_preview": "10. La resurrección y la vida eterna\nLa resurrección de Jesús cambió todo, hermanos. No fue solo que...",
      "longitud": 573,
      "estado": "exitoso",
      "intentos": 1,
      "tiempo_ejecucion": 40.0,
      "tipo": "biblico"
    },
    {
      "fecha": "2026-01-12 11:01:10",
      "mensaje_archivo": "predica-027.txt",
      "contenido_preview": "⏰ Vale la pena ver esto\n\nhttps://www.instagram.com/reel/DTJbfYJlmTD/?igsh=OWIxMW1nZzlsb255",
      "longitud": 90,
      "estado": "exitoso",
      "intentos": 1,
      "tiempo_ejecucion": 57.8,
      "tipo": "predicacion"
    },
    {
      "fecha": "2026-01-12 13:01:26",
      "mensaje_archivo": "mensaje-012.txt",
      "contenido_preview": "12. La Gran Comisión (evangelización)\nAntes de subir al cielo, Jesús nos dio la misión más grande: \"...",
      "longitud": 562,
      "estado": "exitoso",
      "intentos": 1,
      "tiempo_ejecucion": 40.0,
      "tipo": "biblico"
    },
    {
      "fecha": "2026-01-12 16:01:08",
      "mensaje_archivo": "predica-028.txt",
      "contenido_preview": "⏰ Vale la pena ver esto\n\nhttps://www.instagram.com/reel/DSv6MPrkhmk/?igsh=MXVlamEweXlkaDg1aw==",
      "longitud": 94,
      "estado": "exitoso",
      "intentos": 1,
      "tiempo_ejecucion": 56.7,
      "tipo": "predicacion"
    },
    {
      "fecha": "2026-01-13 09:53:07",
      "mensaje_archivo": "mensaje-014.txt",
      "contenido_preview": "14. La victoria sobre el pecado\nHermanos, el pecado ya no es tu jefe. Pablo grita: \"El pecado no se ...",
      "longitud": 530,
      "estado": "exitoso",
      "intentos": 1,
      "tiempo_ejecucion": 36.0,
      "tipo": "biblico"
    },
    {
      "fecha": "2026-01-13 10:02:35",
      "mensaje_archivo": "predica-029.txt",
      "contenido_preview": "⏰ Vale la pena ver esto\n\nhttps://www.youtube.com/watch?v=uasVenuScMk",
      "longitud": 68,
      "estado": "exitoso",
      "intentos": 1,
      "tiempo_ejecucion": 48.0,
      "tipo": "predicacion"
    },
    {
      "fecha": "2026-01-13 11:01:26",
      "mensaje_archivo": "mensaje-005.txt",
      "contenido_preview": "5. La gracia divina\nLa gracia, mi gente querida, es cuando Dios te da lo que no mereces. Es su amor ...",
      "longitud": 484,
      "estado": "exitoso",
      "intentos": 1,
      "tiempo_ejecucion": 35.3,
      "tipo": "biblico"
    },
    {
      "fecha": "2026-01-13 16:01:06",
      "mensaje_archivo": "predica-030.txt",
      "contenido_preview": "⏰ Vale la pena ver esto\n\nhttps://www.youtube.com/watch?v=uasVenuScMk",
      "longitud": 68,
      "estado": "exitoso",
      "intentos": 1,
      "tiempo_ejecucion": 54.1,
      "tipo": "predicacion"
    },
    {
      "fecha": "2026-01-14 11:01:39",
      "mensaje_archivo": "mensaje-017.txt",
      "contenido_preview": "17. La fidelidad en las pruebas\nLa vida cristiana no es un parque de diversiones, hermanos. Vendrán ...",
      "longitud": 526,
      "estado": "exitoso",
      "intentos": 1,
      "tiempo_ejecucion": 42.4,
      "tipo": "biblico"
    },
    {
      "fecha": "2026-01-14 13:01:09",
      "mensaje_archivo": "predica-031.txt",
      "contenido_preview": "⏰ Vale la pena ver esto\n\nhttps://www.youtube.com/watch?v=uasVenuScMk",
      "longitud": 68,
      "estado": "exitoso",
      "intentos": 1,
      "tiempo_ejecucion": 56.4,
      "tipo": "predicacion"
    },
    {
      "fecha": "2026-01-15 09:11:53",
      "mensaje_archivo": "mensaje-020.txt",
      "contenido_preview": "20. La nueva identidad en Cristo\nCuando aceptas a Jesús, no solo cambias de religión - ¡cambias de i...",
      "longitud": 541,
      "estado": "exitoso",
      "intentos": 1,
      "tiempo_ejecucion": 40.0,
      "tipo": "biblico"
    },
    {
      "fecha": "2026-01-15 11:01:04",
      "mensaje_archivo": "predica-032.txt",
      "contenido_preview": "⏰ Vale la pena ver esto\n\nhttps://www.instagram.com/reel/DTVJoEwD2DY/?igsh=bHdkOHFwM3p5Njlu",
      "longitud": 90,
      "estado": "exitoso",
      "intentos": 1,
      "tiempo_ejecucion": 54.7,
      "tipo": "predicacion"
    },
    {
      "fecha": "2026-01-15 13:01:26",
      "mensaje_archivo": "mensaje-019.txt",
      "contenido_preview": "19. La reconciliación con Dios\nTodos nacemos separados de Dios por el pecado, pero Cristo vino a rec...",
      "longitud": 592,
      "estado": "exitoso",
      "intentos": 1,
      "tiempo_ejecucion": 40.8,
      "tipo": "biblico"
    },
    {
      "fecha": "2026-01-15 13:38:36",
      "mensaje_archivo": "predica-033.txt",
      "contenido_preview": "⏰ Vale la pena ver esto\n\nhttps://www.instagram.com/reel/DTVSez8iF3X/?igsh=MWVmY3E0ZDh1ZHAwYQ==",
      "longitud": 94,
      "estado": "exitoso",
      "intentos": 1,
      "tiempo_ejecucion": 49.7,
      "tipo": "predicacion"
    },
    {
      "fecha": "2026-01-15 17:14:00",
      "mensaje_archivo": "mensaje-018.txt",
      "contenido_preview": "18. El amor sacrificial de Cristo\nEl amor de Cristo no es sentimiento romántico, ¡es amor que sacrif...",
      "longitud": 587,
      "estado": "exitoso",
      "intentos": 1,
      "tiempo_ejecucion": 37.9,
      "tipo": "biblico"
    },
    {
      "fecha": "2026-01-15 17:18:48",
      "mensaje_archivo": "predica-034.txt",
      "contenido_preview": "⏰ Vale la pena ver esto\n\nhttps://www.instagram.com/reel/DTXY6gpCJVw/?igsh=NTYwaXl2Z2JyeXM4",
      "longitud": 90,
      "estado": "exitoso",
      "intentos": 1,
      "tiempo_ejecucion": 47.5,
      "tipo": "predicacion"
    },
    {
      "fecha": "2026-01-16 13:22:09",
      "mensaje_archivo": "mensaje-014.txt",
      "contenido_preview": "14. La victoria sobre el pecado\nHermanos, el pecado ya no es tu jefe. Pablo grita: \"El pecado no se ...",
      "longitud": 530,
      "estado": "exitoso",
      "intentos": 1,
      "tiempo_ejecucion": 36.6,
      "tipo": "biblico"
    },
    {
      "fecha": "2026-01-16 16:01:11",
      "mensaje_archivo": "predica-035.txt",
      "contenido_preview": "⏰ Vale la pena ver esto\n\nhttps://www.instagram.com/reel/DTdLKGsj-Og/?igsh=dnY5eWdiZGw3bHU0",
      "longitud": 90,
      "estado": "exitoso",
      "intentos": 1,
      "tiempo_ejecucion": 59.9,
      "tipo": "predicacion"
    },
    {
      "fecha": "2026-01-17 16:01:36",
      "mensaje_archivo": "mensaje-016.txt",
      "contenido_preview": "16. La transformación del carácter\nCuando Cristo entra a tu vida, comenzó un proyecto de renovación ...",
      "longitud": 577,
      "estado": "exitoso",
      "intentos": 1,
      "tiempo_ejecucion": 40.3,
      "tipo": "biblico"
    },
    {
      "fecha": "2026-01-18 11:01:11",
      "mensaje_archivo": "predica-036.txt",
      "contenido_preview": "⏰ Vale la pena ver esto\n\nhttps://www.instagram.com/reel/DThCMlaAjrs/?igsh=MTM4djB6d2prZ3Njcg==",
      "longitud": 94,
      "estado": "exitoso",
      "intentos": 1,
      "tiempo_ejecucion": 58.6,
      "tipo": "predicacion"
    },
    {
      "fecha": "2026-01-18 13:01:35",
      "mensaje_archivo": "mensaje-012.txt",
      "contenido_preview": "12. La Gran Comisión (evangelización)\nAntes de subir al cielo, Jesús nos dio la misión más grande: \"...",
      "longitud": 562,
      "estado": "exitoso",
      "intentos": 1,
      "tiempo_ejecucion": 42.9,
      "tipo": "biblico"
    },
    {
      "fecha": "2026-01-20 15:58:42",
      "mensaje_archivo": "predica-037.txt",
      "contenido_preview": "⏰ Vale la pena ver esto\n\nhttps://www.instagram.com/reel/DTdLKGsj-Og/?igsh=dnY5eWdiZGw3bHU0",
      "longitud": 90,
      "estado": "exitoso",
      "intentos": 1,
      "tiempo_ejecucion": 52.8,
      "tipo": "predicacion"
    },
    {
      "fecha": "2026-01-20 16:01:42",
      "mensaje_archivo": "mensaje-006.txt",
      "contenido_preview": "6. El Espíritu Santo y sus frutos\nEl Espíritu Santo es Dios viviendo dentro de ti, hermanos. No es u...",
      "longitud": 564,
      "estado": "exitoso",
      "intentos": 1,
      "tiempo_ejecucion": 40.4,
      "tipo": "biblico"
    },
    {
      "fecha": "2026-01-21 08:49:02",
      "mensaje_archivo": "predica-038.txt",
      "contenido_preview": "⏰ Vale la pena ver esto\n\nhttps://www.instagram.com/reel/DTdLKGsj-Og/?igsh=dnY5eWdiZGw3bHU0",
      "longitud": 90,
      "estado": "exitoso",
      "intentos": 1,
      "tiempo_ejecucion": 52.6,
      "tipo": "predicacion"
    },
    {
      "fecha": "2026-01-21 11:01:32",
      "mensaje_archivo": "mensaje-008.txt",
      "contenido_preview": "8. El servicio y la humildad\nJesús nos volteó el mundo al revés cuando se agachó a lavar los pies de...",
      "longitud": 505,
      "estado": "exitoso",
      "intentos": 1,
      "tiempo_ejecucion": 39.9,
      "tipo": "biblico"
    },
    {
      "fecha": "2026-01-21 13:01:02",
      "mensaje_archivo": "predica-039.txt",
      "contenido_preview": "⏰ Vale la pena ver esto\n\nhttps://www.instagram.com/reel/DThCMlaAjrs/?igsh=MTM4djB6d2prZ3Njcg==",
      "longitud": 94,
      "estado": "exitoso",
      "intentos": 1,
      "tiempo_ejecucion": 51.2,
      "tipo": "predicacion"
    },
    {
      "fecha": "2026-01-21 16:01:24",
      "mensaje_archivo": "mensaje-007.txt",
      "contenido_preview": "7. La oración y la comunión con Dios\nLa oración es tu línea directa con el Jefe de jefes. Jesús orab...",
      "longitud": 533,
      "estado": "exitoso",
      "intentos": 1,
      "tiempo_ejecucion": 36.3,
      "tipo": "biblico"
    },
    {
      "fecha": "2026-01-24 16:01:15",
      "mensaje_archivo": "predica-040.txt",
      "contenido_preview": "⏰ Vale la pena ver esto\n\nhttps://www.instagram.com/reel/DTgP-0qEbDR/?igsh=MThwam9lOHExaGUxdw==",
      "longitud": 94,
      "estado": "exitoso",
      "intentos": 1,
      "tiempo_ejecucion": 59.0,
      "tipo": "predicacion"
    },
    {
      "fecha": "2026-01-27 15:10:10",
      "mensaje_archivo": "mensaje-004.txt",
      "contenido_preview": "4. El Reino de Dios\nEl Reino de Dios no es un lugar físico, hermanos, ¡es donde Dios gobierna! Ya co...",
      "longitud": 545,
      "estado": "exitoso",
      "intentos": 1,
      "tiempo_ejecucion": 36.0,
      "tipo": "biblico"
    },
    {
      "fecha": "2026-01-27 16:01:21",
      "mensaje_archivo": "predica-041.txt",
      "contenido_preview": "⏰ Vale la pena ver esto\n\nhttps://www.instagram.com/reel/DThCMlaAjrs/?igsh=MTM4djB6d2prZ3Njcg==",
      "longitud": 94,
      "estado": "exitoso",
      "intentos": 1,
      "tiempo_ejecucion": 55.1,
      "tipo": "predicacion"
    },
    {
      "fecha": "2026-01-27 22:58:55",
      "mensaje_archivo": "mensaje-020.txt",
      "contenido_preview": "20. La nueva identidad en Cristo\nCuando aceptas a Jesús, no solo cambias de religión - ¡cambias de i...",
      "longitud": 541,
      "estado": "exitoso",
      "intentos": 1,
      "tiempo_ejecucion": 34.7,
      "tipo": "biblico"
    },
    {
      "fecha": "2026-01-28 16:01:12",
      "mensaje_archivo": "predica-042.txt",
      "contenido_preview": "⏰ Vale la pena ver esto\n\nhttps://www.instagram.com/reel/DTla3UcDk5B/?igsh=MTI2bGJ3cWZsMTRnbQ==",
      "longitud": 94,
      "estado": "exitoso",
      "intentos": 1,
      "tiempo_ejecucion": 58.6,
      "tipo": "predicacion"
    },
    {
      "fecha": "2026-01-28 16:09:10",
      "mensaje_archivo": "mensaje-013.txt",
      "contenido_preview": "13. Las bienaventuranzas\nEn el Sermón del Monte, Jesús nos dio las bienaventuranzas - las actitudes ...",
      "longitud": 561,
      "estado": "exitoso",
      "intentos": 1,
      "tiempo_ejecucion": 34.8,
      "tipo": "biblico"
    },
    {
      "fecha": "2026-01-28 16:26:50",
      "mensaje_archivo": "predica-043.txt",
      "contenido_preview": "⏰ Vale la pena ver esto\n\nhttps://www.instagram.com/reel/DTuPw8xic3f/?igsh=bDNjM3BrMHk3cWVo",
      "longitud": 90,
      "estado": "exitoso",
      "intentos": 1,
      "tiempo_ejecucion": 49.9,
      "tipo": "predicacion"
    },
    {
      "fecha": "2026-01-28 19:48:41",
      "mensaje_archivo": "mensaje-009.txt",
      "contenido_preview": "9. La justicia y la misericordia\nDios es justo pero también misericordioso, y nosotros debemos ser i...",
      "longitud": 563,
      "estado": "exitoso",
      "intentos": 1,
      "tiempo_ejecucion": 35.7,
      "tipo": "biblico"
    },
    {
      "fecha": "2026-01-29 03:08:29",
      "mensaje_archivo": "predica-044.txt",
      "contenido_preview": "⏰ Vale la pena ver esto\n\nhttps://www.instagram.com/reel/DTp6XPkjOl6/?igsh=MWF2Zjl3ZmtqOW5uYQ==",
      "longitud": 94,
      "estado": "exitoso",
      "intentos": 1,
      "tiempo_ejecucion": 53.7,
      "tipo": "predicacion"
    },
    {
      "fecha": "2026-01-29 22:19:34",
      "mensaje_archivo": "mensaje-001.txt",
      "contenido_preview": "1. El amor a Dios y al prójimo\nHermanos, el amor es la base de todo lo que creemos. Jesús nos dijo b...",
      "longitud": 592,
      "estado": "exitoso",
      "intentos": 1,
      "tiempo_ejecucion": 39.6,
      "tipo": "biblico"
    },
    {
      "fecha": "2026-01-30 03:23:25",
      "mensaje_archivo": "predica-045.txt",
      "contenido_preview": "⏰ Vale la pena ver esto\n\nhttps://www.instagram.com/reel/DTdPg1QEaU3/?igsh=MWl3aGlzZzFuOGdkaQ==",
      "longitud": 94,
      "estado": "exitoso",
      "intentos": 1,
      "tiempo_ejecucion": 54.6,
      "tipo": "predicacion"
    },
    {
      "fecha": "2026-01-30 18:26:05",
      "mensaje_archivo": "mensaje-019.txt",
      "contenido_preview": "19. La reconciliación con Dios\nTodos nacemos separados de Dios por el pecado, pero Cristo vino a rec...",
      "longitud": 592,
      "estado": "exitoso",
      "intentos": 1,
      "tiempo_ejecucion": 36.8,
      "tipo": "biblico"
    },
    {
      "fecha": "2026-01-30 18:31:50",
      "mensaje_archivo": "predica-046.txt",
      "contenido_preview": "⏰ Vale la pena ver esto\n\nhttps://www.instagram.com/reel/DTrWJstjuYP/?igsh=aTVrYTlvdWh1ZnR5",
      "longitud": 90,
      "estado": "exitoso",
      "intentos": 1,
      "tiempo_ejecucion": 49.2,
      "tipo": "predicacion"
    },
    {
      "fecha": "2026-01-30 18:55:17",
      "mensaje_archivo": "mensaje-008.txt",
      "contenido_preview": "8. El servicio y la humildad\nJesús nos volteó el mundo al revés cuando se agachó a lavar los pies de...",
      "longitud": 505,
      "estado": "exitoso",
      "intentos": 1,
      "tiempo_ejecucion": 36.8,
      "tipo": "biblico"
    },
    {
      "fecha": "2026-01-30 19:09:15",
      "mensaje_archivo": "predica-047.txt",
      "contenido_preview": "⏰ Vale la pena ver esto\n\nhttps://www.instagram.com/reel/DTZLs5KjlaS/?igsh=MTI2OXB5eWMzbXIybw==",
      "longitud": 94,
      "estado": "exitoso",
      "intentos": 1,
      "tiempo_ejecucion": 49.6,
      "tipo": "predicacion"
    },
    {
      "fecha": "2026-01-30 19:53:57",
      "mensaje_archivo": "mensaje-018.txt",
      "contenido_preview": "18. El amor sacrificial de Cristo\nEl amor de Cristo no es sentimiento romántico, ¡es amor que sacrif...",
      "longitud": 587,
      "estado": "exitoso",
      "intentos": 1,
      "tiempo_ejecucion": 34.9,
      "tipo": "biblico"
    },
    {
      "fecha": "2026-01-30 20:06:00",
      "mensaje_archivo": "predica-048.txt",
      "contenido_preview": "⏰ Vale la pena ver esto\n\nhttps://www.instagram.com/reel/DTZLs5KjlaS/?igsh=MTI2OXB5eWMzbXIybw==",
      "longitud": 94,
      "estado": "exitoso",
      "intentos": 1,
      "tiempo_ejecucion": 49.5,
      "tipo": "predicacion"
    },
    {
      "fecha": "2026-01-31 08:41:33",
      "mensaje_archivo": "mensaje-020.txt",
      "contenido_preview": "20. La nueva identidad en Cristo\nCuando aceptas a Jesús, no solo cambias de religión - ¡cambias de i...",
      "longitud": 541,
      "estado": "exitoso",
      "intentos": 1,
      "tiempo_ejecucion": 40.8,
      "tipo": "biblico"
    },
    {
      "fecha": "2026-02-01 08:41:14",
      "mensaje_archivo": "predica-049.txt",
      "contenido_preview": "⏰ Vale la pena ver esto\n\nhttps://www.instagram.com/reel/DUCCPEije2L/?igsh=MXduaHlwOGtuNHI3ZA==",
      "longitud": 94,
      "estado": "exitoso",
      "intentos": 1,
      "tiempo_ejecucion": 60.5,
      "tipo": "predicacion"
    },
    {
      "fecha": "2026-02-01 11:01:26",
      "mensaje_archivo": "mensaje-010.txt",
      "contenido_preview": "10. La resurrección y la vida eterna\nLa resurrección de Jesús cambió todo, hermanos. No fue solo que...",
      "longitud": 573,
      "estado": "exitoso",
      "intentos": 1,
      "tiempo_ejecucion": 35.7,
      "tipo": "biblico"
    },
    {
      "fecha": "2026-02-01 13:01:15",
      "mensaje_archivo": "predica-050.txt",
      "contenido_preview": "⏰ Vale la pena ver esto\n\nhttps://www.instagram.com/reel/DTgLbBZjXK1/?igsh=MWFwbndyYzUyNngwMA==",
      "longitud": 94,
      "estado": "exitoso",
      "intentos": 1,
      "tiempo_ejecucion": 63.5,
      "tipo": "predicacion"
    },
    {
      "fecha": "2026-02-01 16:01:29",
      "mensaje_archivo": "mensaje-014.txt",
      "contenido_preview": "14. La victoria sobre el pecado\nHermanos, el pecado ya no es tu jefe. Pablo grita: \"El pecado no se ...",
      "longitud": 530,
      "estado": "exitoso",
      "intentos": 1,
      "tiempo_ejecucion": 40.6,
      "tipo": "biblico"
    },
    {
      "fecha": "2026-02-02 10:21:01",
      "mensaje_archivo": "predica-051.txt",
      "contenido_preview": "⏰ Vale la pena ver esto\n\nhttps://www.instagram.com/reel/DT3PVFEANFo/?igsh=MW8xbGV2eGZ6dXFldw==",
      "longitud": 94,
      "estado": "exitoso",
      "intentos": 1,
      "tiempo_ejecucion": 53.1,
      "tipo": "predicacion"
    },
    {
      "fecha": "2026-02-02 10:58:40",
      "mensaje_archivo": "mensaje-021.txt",
      "contenido_preview": "Atrocidades contra cristianos en Nigeria: La verdad que los medios no cuentan\nEstán matando a cristi...",
      "longitud": 905,
      "estado": "exitoso",
      "intentos": 1,
      "tiempo_ejecucion": 33.4,
      "tipo": "biblico"
    },
    {
      "fecha": "2026-02-02 12:49:38",
      "mensaje_archivo": "predica-052.txt",
      "contenido_preview": "⏰ Vale la pena ver esto\n\nhttps://www.instagram.com/reel/DT3PVFEANFo/?igsh=MW8xbGV2eGZ6dXFldw==",
      "longitud": 94,
      "estado": "exitoso",
      "intentos": 1,
      "tiempo_ejecucion": 52.5,
      "tipo": "predicacion"
    },
    {
      "fecha": "2026-02-02 13:01:31",
      "mensaje_archivo": "mensaje-004.txt",
      "contenido_preview": "4. El Reino de Dios\nEl Reino de Dios no es un lugar físico, hermanos, ¡es donde Dios gobierna! Ya co...",
      "longitud": 545,
      "estado": "exitoso",
      "intentos": 1,
      "tiempo_ejecucion": 44.9,
      "tipo": "biblico"
    },
    {
      "fecha": "2026-02-02 13:33:44",
      "mensaje_archivo": "predica-053.txt",
      "contenido_preview": "⏰ Vale la pena ver esto\n\nhttps://www.instagram.com/reel/DT3PVFEANFo/?igsh=MW8xbGV2eGZ6dXFldw==",
      "longitud": 94,
      "estado": "exitoso",
      "intentos": 1,
      "tiempo_ejecucion": 51.1,
      "tipo": "predicacion"
    },
    {
      "fecha": "2026-02-02 13:39:13",
      "mensaje_archivo": "mensaje-013.txt",
      "contenido_preview": "13. Las bienaventuranzas\nEn el Sermón del Monte, Jesús nos dio las bienaventuranzas - las actitudes ...",
      "longitud": 561,
      "estado": "exitoso",
      "intentos": 1,
      "tiempo_ejecucion": 35.2,
      "tipo": "biblico"
    },
    {
      "fecha": "2026-02-02 16:17:11",
      "mensaje_archivo": "predica-054.txt",
      "contenido_preview": "⏰ Vale la pena ver esto\n\nhttps://www.instagram.com/reel/DULoOVsAFIl/?igsh=MTdvbTRoaDQ2eHlxaA==",
      "longitud": 94,
      "estado": "exitoso",
      "intentos": 1,
      "tiempo_ejecucion": 55.1,
      "tipo": "predicacion"
    },
    {
      "fecha": "2026-02-02 16:20:58",
      "mensaje_archivo": "mensaje-011.txt",
      "contenido_preview": "11. La comunidad de creyentes (la Iglesia)\nLa iglesia no es el edificio, mi gente, ¡somos nosotros! ...",
      "longitud": 608,
      "estado": "exitoso",
      "intentos": 1,
      "tiempo_ejecucion": 36.1,
      "tipo": "biblico"
    },
    {
      "fecha": "2026-02-02 16:26:10",
      "mensaje_archivo": "predica-055.txt",
      "contenido_preview": "⏰ Vale la pena ver esto\n\nhttps://www.instagram.com/reel/DULoOVsAFIl/?igsh=MTdvbTRoaDQ2eHlxaA==",
      "longitud": 94,
      "estado": "exitoso",
      "intentos": 1,
      "tiempo_ejecucion": 50.3,
      "tipo": "predicacion"
    },
    {
      "fecha": "2026-02-03 08:29:49",
      "mensaje_archivo": "mensaje-016.txt",
      "contenido_preview": "16. La transformación del carácter\nCuando Cristo entra a tu vida, comenzó un proyecto de renovación ...",
      "longitud": 577,
      "estado": "exitoso",
      "intentos": 1,
      "tiempo_ejecucion": 34.5,
      "tipo": "biblico"
    },
    {
      "fecha": "2026-02-03 08:41:02",
      "mensaje_archivo": "predica-056.txt",
      "contenido_preview": "⏰ Vale la pena ver esto\n\nhttps://www.instagram.com/reel/DUHLyPLDXWG/?igsh=aGo0a2txNGV1djhy",
      "longitud": 90,
      "estado": "exitoso",
      "intentos": 1,
      "tiempo_ejecucion": 54.6,
      "tipo": "predicacion"
    },
    {
      "fecha": "2026-02-03 11:01:22",
      "mensaje_archivo": "mensaje-005.txt",
      "contenido_preview": "5. La gracia divina\nLa gracia, mi gente querida, es cuando Dios te da lo que no mereces. Es su amor ...",
      "longitud": 484,
      "estado": "exitoso",
      "intentos": 1,
      "tiempo_ejecucion": 34.2,
      "tipo": "biblico"
    },
    {
      "fecha": "2026-02-03 13:01:07",
      "mensaje_archivo": "predica-057.txt",
      "contenido_preview": "⏰ Vale la pena ver esto\n\nhttps://www.instagram.com/reel/DUHLyPLDXWG/?igsh=aGo0a2txNGV1djhy",
      "longitud": 90,
      "estado": "exitoso",
      "intentos": 1,
      "tiempo_ejecucion": 58.8,
      "tipo": "predicacion"
    },
    {
      "fecha": "2026-02-04 06:40:28",
      "mensaje_archivo": "mensaje-012.txt",
      "contenido_preview": "12. La Gran Comisión (evangelización)\nAntes de subir al cielo, Jesús nos dio la misión más grande: \"...",
      "longitud": 562,
      "estado": "exitoso",
      "intentos": 1,
      "tiempo_ejecucion": 38.6,
      "tipo": "biblico"
    },
    {
      "fecha": "2026-02-04 08:41:43",
      "mensaje_archivo": "predica-058.txt",
      "contenido_preview": "⏰ Vale la pena ver esto\n\nhttps://youtube.com/shorts/x7tvwJPKQSs?si=rtPLSLiaEQcDshLa",
      "longitud": 83,
      "estado": "exitoso",
      "intentos": 1,
      "tiempo_ejecucion": 56.6,
      "tipo": "predicacion"
    },
    {
      "fecha": "2026-02-04 11:01:38",
      "mensaje_archivo": "mensaje-002.txt",
      "contenido_preview": "2. La salvación por fe en Cristo\nMi gente, aquí está la noticia más grande: ¡no tienes que ganarte e...",
      "longitud": 544,
      "estado": "exitoso",
      "intentos": 1,
      "tiempo_ejecucion": 41.9,
      "tipo": "biblico"
    },
    {
      "fecha": "2026-02-04 13:01:09",
      "mensaje_archivo": "predica-059.txt",
      "contenido_preview": "⏰ Vale la pena ver esto\n\nhttps://www.instagram.com/reel/DTDnmv1jJQn/?igsh=MWF3aG4zeGE2cDBvbw==",
      "longitud": 94,
      "estado": "exitoso",
      "intentos": 1,
      "tiempo_ejecucion": 51.8,
      "tipo": "predicacion"
    },
    {
      "fecha": "2026-02-05 08:40:57",
      "mensaje_archivo": "mensaje-007.txt",
      "contenido_preview": "7. La oración y la comunión con Dios\nLa oración es tu línea directa con el Jefe de jefes. Jesús orab...",
      "longitud": 533,
      "estado": "exitoso",
      "intentos": 1,
      "tiempo_ejecucion": 42.6,
      "tipo": "biblico"
    },
    {
      "fecha": "2026-02-05 11:01:09",
      "mensaje_archivo": "predica-060.txt",
      "contenido_preview": "⏰ Vale la pena ver esto\n\nhttps://www.instagram.com/reel/DT_yKMSDAdF/?igsh=N3pwYm9landsaGlr",
      "longitud": 90,
      "estado": "exitoso",
      "intentos": 1,
      "tiempo_ejecucion": 55.1,
      "tipo": "predicacion"
    },
    {
      "fecha": "2026-02-05 13:01:22",
      "mensaje_archivo": "mensaje-009.txt",
      "contenido_preview": "9. La justicia y la misericordia\nDios es justo pero también misericordioso, y nosotros debemos ser i...",
      "longitud": 563,
      "estado": "exitoso",
      "intentos": 1,
      "tiempo_ejecucion": 35.9,
      "tipo": "biblico"
    },
    {
      "fecha": "2026-02-05 16:01:04",
      "mensaje_archivo": "predica-061.txt",
      "contenido_preview": "⏰ Vale la pena ver esto\n\nhttps://www.instagram.com/reel/DRR8IG-gKk6/?igsh=d3g1YXNucWF0NW1z",
      "longitud": 90,
      "estado": "exitoso",
      "intentos": 1,
      "tiempo_ejecucion": 54.6,
      "tipo": "predicacion"
    },
    {
      "fecha": "2026-02-06 08:41:49",
      "mensaje_archivo": "mensaje-021.txt",
      "contenido_preview": "Atrocidades contra cristianos en Nigeria: La verdad que los medios no cuentan\nEstán matando a cristi...",
      "longitud": 905,
      "estado": "exitoso",
      "intentos": 1,
      "tiempo_ejecucion": 52.3,
      "tipo": "biblico"
    },
    {
      "fecha": "2026-02-06 11:01:14",
      "mensaje_archivo": "predica-062.txt",
      "contenido_preview": "⏰ Vale la pena ver esto\n\nhttps://youtube.com/shorts/x7tvwJPKQSs?si=rtPLSLiaEQcDshLa",
      "longitud": 83,
      "estado": "exitoso",
      "intentos": 1,
      "tiempo_ejecucion": 55.9,
      "tipo": "predicacion"
    },
    {
      "fecha": "2026-02-07 08:41:29",
      "mensaje_archivo": "mensaje-010.txt",
      "contenido_preview": "10. La resurrección y la vida eterna\nLa resurrección de Jesús cambió todo, hermanos. No fue solo que...",
      "longitud": 573,
      "estado": "exitoso",
      "intentos": 1,
      "tiempo_ejecucion": 37.5,
      "tipo": "biblico"
    },
    {
      "fecha": "2026-02-07 11:01:15",
      "mensaje_archivo": "predica-063.txt",
      "contenido_preview": "⏰ Vale la pena ver esto\n\nhttps://www.instagram.com/reel/DS40M3-EVa5/?igsh=MW85N3Jrc29iNHhpNQ==",
      "longitud": 94,
      "estado": "exitoso",
      "intentos": 1,
      "tiempo_ejecucion": 59.8,
      "tipo": "predicacion"
    },
    {
      "fecha": "2026-02-07 13:01:31",
      "mensaje_archivo": "mensaje-017.txt",
      "contenido_preview": "17. La fidelidad en las pruebas\nLa vida cristiana no es un parque de diversiones, hermanos. Vendrán ...",
      "longitud": 526,
      "estado": "exitoso",
      "intentos": 1,
      "tiempo_ejecucion": 40.7,
      "tipo": "biblico"
    },
    {
      "fecha": "2026-02-07 16:01:15",
      "mensaje_archivo": "predica-064.txt",
      "contenido_preview": "⏰ Vale la pena ver esto\n\nhttps://www.instagram.com/reel/DT6rUzEDUAz/?igsh=MXR4aGpqbHBzZDFzaA==",
      "longitud": 94,
      "estado": "exitoso",
      "intentos": 1,
      "tiempo_ejecucion": 60.8,
      "tipo": "predicacion"
    },
    {
      "fecha": "2026-02-08 13:01:21",
      "mensaje_archivo": "mensaje-011.txt",
      "contenido_preview": "11. La comunidad de creyentes (la Iglesia)\nLa iglesia no es el edificio, mi gente, ¡somos nosotros! ...",
      "longitud": 608,
      "estado": "exitoso",
      "intentos": 1,
      "tiempo_ejecucion": 34.6,
      "tipo": "biblico"
    },
    {
      "fecha": "2026-02-08 16:01:07",
      "mensaje_archivo": "predica-065.txt",
      "contenido_preview": "⏰ Vale la pena ver esto\n\nhttps://www.instagram.com/reel/DRIpZIUDnYH/?igsh=MWcxY2tna3hqd2ZueA==",
      "longitud": 94,
      "estado": "exitoso",
      "intentos": 1,
      "tiempo_ejecucion": 54.3,
      "tipo": "predicacion"
    },
    {
      "fecha": "2026-02-09 13:01:40",
      "mensaje_archivo": "mensaje-015.txt",
      "contenido_preview": "15. La esperanza del regreso de Cristo\nJesús prometió: \"Volveré otra vez.\" Esa es nuestra esperanza ...",
      "longitud": 521,
      "estado": "exitoso",
      "intentos": 1,
      "tiempo_ejecucion": 45.7,
      "tipo": "biblico"
    },
    {
      "fecha": "2026-02-09 16:01:44",
      "mensaje_archivo": "predica-066.txt",
      "contenido_preview": "⏰ Vale la pena ver esto\n\nhttps://www.instagram.com/reel/DUZCdohkoxl/?igsh=MXE0ODF2OGl0OTJ5Zg==",
      "longitud": 94,
      "estado": "exitoso",
      "intentos": 1,
      "tiempo_ejecucion": 52.4,
      "tipo": "predicacion"
    },
    {
      "fecha": "2026-02-10 16:01:30",
      "mensaje_archivo": "mensaje-018.txt",
      "contenido_preview": "18. El amor sacrificial de Cristo\nEl amor de Cristo no es sentimiento romántico, ¡es amor que sacrif...",
      "longitud": 587,
      "estado": "exitoso",
      "intentos": 1,
      "tiempo_ejecucion": 34.4,
      "tipo": "biblico"
    },
    {
      "fecha": "2026-02-10 22:13:15",
      "mensaje_archivo": "predica-067.txt",
      "contenido_preview": "⏰ Vale la pena ver esto\n\nhttps://www.instagram.com/reel/DURvNpDESDn/?igsh=NGpyNnh2Z3JoZGcx",
      "longitud": 90,
      "estado": "exitoso",
      "intentos": 1,
      "tiempo_ejecucion": 54.9,
      "tipo": "predicacion"
    },
    {
      "fecha": "2026-02-10 22:26:08",
      "mensaje_archivo": "mensaje-003.txt",
      "contenido_preview": "3. El arrepentimiento y el perdón\nEscúchenme bien: arrepentirse no es solo decir \"perdón\", es dar la...",
      "longitud": 537,
      "estado": "exitoso",
      "intentos": 1,
      "tiempo_ejecucion": 34.9,
      "tipo": "biblico"
    },
    {
      "fecha": "2026-02-11 10:37:51",
      "mensaje_archivo": "predica-068.txt",
      "contenido_preview": "⏰ Vale la pena ver esto\n\nhttps://www.instagram.com/reel/DT_AI7RDhSw/?igsh=Yzg4MXV4eTE5amh0",
      "longitud": 90,
      "estado": "exitoso",
      "intentos": 1,
      "tiempo_ejecucion": 51.2,
      "tipo": "predicacion"
    },
    {
      "fecha": "2026-02-11 11:59:31",
      "mensaje_archivo": "mensaje-002.txt",
      "contenido_preview": "2. La salvación por fe en Cristo\nMi gente, aquí está la noticia más grande: ¡no tienes que ganarte e...",
      "longitud": 544,
      "estado": "exitoso",
      "intentos": 1,
      "tiempo_ejecucion": 33.6,
      "tipo": "biblico"
    },
    {
      "fecha": "2026-02-11 12:36:11",
      "mensaje_archivo": "predica-069.txt",
      "contenido_preview": "⏰ Vale la pena ver esto\n\nhttps://www.instagram.com/reel/DUWHxyniE5v/?igsh=MXF6NGVpNDBwMjFwZw==",
      "longitud": 94,
      "estado": "exitoso",
      "intentos": 1,
      "tiempo_ejecucion": 49.7,
      "tipo": "predicacion"
    },
    {
      "fecha": "2026-02-11 13:01:19",
      "mensaje_archivo": "mensaje-013.txt",
      "contenido_preview": "13. Las bienaventuranzas\nEn el Sermón del Monte, Jesús nos dio las bienaventuranzas - las actitudes ...",
      "longitud": 561,
      "estado": "exitoso",
      "intentos": 1,
      "tiempo_ejecucion": 36.3,
      "tipo": "biblico"
    },
    {
      "fecha": "2026-02-11 16:01:03",
      "mensaje_archivo": "predica-070.txt",
      "contenido_preview": "⏰ Vale la pena ver esto\n\nhttps://www.instagram.com/reel/DRIDFgfDoTi/?igsh=MTZibGE0dHV4MjdoMw==",
      "longitud": 94,
      "estado": "exitoso",
      "intentos": 1,
      "tiempo_ejecucion": 54.0,
      "tipo": "predicacion"
    },
    {
      "fecha": "2026-02-12 15:48:05",
      "mensaje_archivo": "mensaje-017.txt",
      "contenido_preview": "17. La fidelidad en las pruebas\nLa vida cristiana no es un parque de diversiones, hermanos. Vendrán ...",
      "longitud": 526,
      "estado": "exitoso",
      "intentos": 1,
      "tiempo_ejecucion": 33.9,
      "tipo": "biblico"
    },
    {
      "fecha": "2026-02-12 16:01:01",
      "mensaje_archivo": "predica-071.txt",
      "contenido_preview": "⏰ Vale la pena ver esto\n\nhttps://www.instagram.com/reel/DShnnOGk18z/?igsh=MTc3ZzVyOWxxYXA3cQ==",
      "longitud": 94,
      "estado": "exitoso",
      "intentos": 1,
      "tiempo_ejecucion": 53.0,
      "tipo": "predicacion"
    },
    {
      "fecha": "2026-02-12 23:53:21",
      "mensaje_archivo": "mensaje-009.txt",
      "contenido_preview": "9. La justicia y la misericordia\nDios es justo pero también misericordioso, y nosotros debemos ser i...",
      "longitud": 563,
      "estado": "exitoso",
      "intentos": 1,
      "tiempo_ejecucion": 39.2,
      "tipo": "biblico"
    },
    {
      "fecha": "2026-02-13 21:19:13",
      "mensaje_archivo": "predica-072.txt",
      "contenido_preview": "⏰ Vale la pena ver esto\n\nhttps://www.instagram.com/reel/DUgsTmRj2yT/?igsh=ZXM1NnM5Y3RkaHEx",
      "longitud": 90,
      "estado": "exitoso",
      "intentos": 1,
      "tiempo_ejecucion": 50.1,
      "tipo": "predicacion"
    }
  ],
  "estadisticas": {
    "publicaciones_exitosas": 144,
    "publicaciones_fallidas": 5,
    "total_intentos": 144,
    "tiempo_promedio_publicacion": 46.2,
    "publicaciones_biblicas": 72,
    "publicaciones_predicaciones": 72,
    "contador_mensajes": {
      "mensaje-010.txt": 5,
      "mensaje-019.txt": 4,
      "mensaje-014.txt": 5,
      "mensaje-020.txt": 4,
      "mensaje-011.txt": 4,
      "mensaje-004.txt": 3,
      "mensaje-018.txt": 4,
      "mensaje-012.txt": 5,
      "mensaje-016.txt": 4,
      "mensaje-008.txt": 3,
      "mensaje-006.txt": 2,
      "mensaje-013.txt": 4,
      "mensaje-007.txt": 3,
      "mensaje-002.txt": 4,
      "mensaje-017.txt": 4,
      "mensaje-003.txt": 2,
      "mensaje-005.txt": 3,
      "mensaje-001.txt": 2,
      "mensaje-015.txt": 2,
      "mensaje-009.txt": 3,
      "mensaje-021.txt": 2
    },
    "mensaje_mas_publicado": "mensaje-010.txt"
  },
  "errores": [
    {
      "fecha": "2026-01-13 13:00:21",
      "mensaje_archivo": "predica-030.txt",
      "error": "Message: Browsing context has been discarded\nStacktrace:\nRemoteError@chrome://remote/content/shared/RemoteError.sys.mjs:8:8\nWebDriverError@chrome://remote/content/shared/webdriver/Errors.sys.mjs:202:5\nNoSuchWindowError@chrome://remote/content/shared/webdriver/Errors.sys.mjs:782:5\nassert.that/<@chrome://remote/content/shared/webdriver/Assert.sys.mjs:581:13\nassert.open@chrome://remote/content/shared/webdriver/Assert.sys.mjs:169:4\nGeckoDriver.prototype.maximizeWindow@chrome://remote/content/marionette/driver.sys.mjs:3027:15\ndispatch@chrome://remote/content/marionette/server.sys.mjs:318:40\nexecute@chrome://remote/content/marionette/server.sys.mjs:289:16\nonPacket/<@chrome://remote/content/marionette/server.sys.mjs:262:20\nonPacket@chrome://remote/content/marionette/server.sys.mjs:263:9\n_onJSONObjectReady/<@chrome://remote/content/marionette/transport.sys.mjs:494:20\n",
      "tipo": "predicacion"
    },
    {
      "fecha": "2026-01-27 22:21:34",
      "mensaje_archivo": "mensaje-015.txt",
      "error": "Message: Process unexpectedly closed with status 0\n",
      "tipo": "biblico"
    },
    {
      "fecha": "2026-02-04 16:00:55",
      "mensaje_archivo": "mensaje-010.txt",
      "error": "Message: Process unexpectedly closed with status 0\n",
      "tipo": "biblico"
    },
    {
      "fecha": "2026-02-06 13:06:16",
      "mensaje_archivo": "mensaje-001.txt",
      "error": "Message: unknown error\n",
      "tipo": "biblico"
    },
    {
      "fecha": "2026-02-11 11:00:23",
      "mensaje_archivo": "mensaje-002.txt",
      "error": "Message: Process unexpectedly closed with status 0\n",
      "tipo": "biblico"
    }
  ],
  "predicaciones_whatsapp": {
    "indice_catalogo": 720,
    "total_extraidos": 76,
    "fecha_ultima_extraccion": "2026-02-13 21:18:17",
    "historial_extracciones": [
      {
        "fecha": "2025-12-25 23:00:16",
        "grupo": "Prédicas",
        "cantidad_extraida": 5,
        "indice_anterior": 0,
        "indice_nuevo": 10
      },
      {
        "fecha": "2025-12-25 23:11:31",
        "grupo": "Prédicas",
        "cantidad_extraida": 1,
        "indice_anterior": 10,
        "indice_nuevo": 20
      },
      {
        "fecha": "2025-12-26 00:11:13",
        "grupo": "Prédicas",
        "cantidad_extraida": 1,
        "indice_anterior": 20,
        "indice_nuevo": 30
      },
      {
        "fecha": "2025-12-26 20:06:48",
        "grupo": "Prédicas",
        "cantidad_extraida": 1,
        "indice_anterior": 30,
        "indice_nuevo": 40
      },
      {
        "fecha": "2025-12-26 23:20:51",
        "grupo": "Prédicas",
        "cantidad_extraida": 1,
        "indice_anterior": 40,
        "indice_nuevo": 50
      },
      {
        "fecha": "2025-12-27 21:40:31",
        "grupo": "Prédicas",
        "cantidad_extraida": 1,
        "indice_anterior": 50,
        "indice_nuevo": 60
      },
      {
        "fecha": "2025-12-29 16:00:48",
        "grupo": "Prédicas",
        "cantidad_extraida": 1,
        "indice_anterior": 60,
        "indice_nuevo": 70
      },
      {
        "fecha": "2025-12-30 23:17:17",
        "grupo": "Prédicas",
        "cantidad_extraida": 1,
        "indice_anterior": 70,
        "indice_nuevo": 80
      },
      {
        "fecha": "2026-01-01 21:18:20",
        "grupo": "Prédicas",
        "cantidad_extraida": 1,
        "indice_anterior": 80,
        "indice_nuevo": 90
      },
      {
        "fecha": "2026-01-02 13:00:44",
        "grupo": "Prédicas",
        "cantidad_extraida": 1,
        "indice_anterior": 90,
        "indice_nuevo": 100
      },
      {
        "fecha": "2026-01-03 08:40:45",
        "grupo": "Prédicas",
        "cantidad_extraida": 1,
        "indice_anterior": 100,
        "indice_nuevo": 110
      },
      {
        "fecha": "2026-01-03 13:00:45",
        "grupo": "Prédicas",
        "cantidad_extraida": 1,
        "indice_anterior": 110,
        "indice_nuevo": 120
      },
      {
        "fecha": "2026-01-04 09:18:39",
        "grupo": "Prédicas",
        "cantidad_extraida": 1,
        "indice_anterior": 120,
        "indice_nuevo": 130
      },
      {
        "fecha": "2026-01-04 13:00:42",
        "grupo": "Prédicas",
        "cantidad_extraida": 1,
        "indice_anterior": 130,
        "indice_nuevo": 140
      },
      {
        "fecha": "2026-01-05 10:11:40",
        "grupo": "Prédicas",
        "cantidad_extraida": 1,
        "indice_anterior": 140,
        "indice_nuevo": 150
      },
      {
        "fecha": "2026-01-05 16:00:43",
        "grupo": "Prédicas",
        "cantidad_extraida": 1,
        "indice_anterior": 150,
        "indice_nuevo": 160
      },
      {
        "fecha": "2026-01-06 11:00:44",
        "grupo": "Prédicas",
        "cantidad_extraida": 1,
        "indice_anterior": 160,
        "indice_nuevo": 170
      },
      {
        "fecha": "2026-01-06 16:00:44",
        "grupo": "Prédicas",
        "cantidad_extraida": 1,
        "indice_anterior": 170,
        "indice_nuevo": 180
      },
      {
        "fecha": "2026-01-07 11:00:49",
        "grupo": "Prédicas",
        "cantidad_extraida": 1,
        "indice_anterior": 180,
        "indice_nuevo": 190
      },
      {
        "fecha": "2026-01-08 08:40:45",
        "grupo": "Prédicas",
        "cantidad_extraida": 1,
        "indice_anterior": 190,
        "indice_nuevo": 200
      },
      {
        "fecha": "2026-01-08 13:00:47",
        "grupo": "Prédicas",
        "cantidad_extraida": 1,
        "indice_anterior": 200,
        "indice_nuevo": 210
      },
      {
        "fecha": "2026-01-09 08:40:44",
        "grupo": "Prédicas",
        "cantidad_extraida": 1,
        "indice_anterior": 210,
        "indice_nuevo": 220
      },
      {
        "fecha": "2026-01-09 13:00:50",
        "grupo": "Prédicas",
        "cantidad_extraida": 1,
        "indice_anterior": 220,
        "indice_nuevo": 230
      },
      {
        "fecha": "2026-01-10 15:42:41",
        "grupo": "Prédicas",
        "cantidad_extraida": 1,
        "indice_anterior": 230,
        "indice_nuevo": 240
      },
      {
        "fecha": "2026-01-11 09:51:33",
        "grupo": "Prédicas",
        "cantidad_extraida": 1,
        "indice_anterior": 240,
        "indice_nuevo": 250
      },
      {
        "fecha": "2026-01-11 13:00:40",
        "grupo": "Prédicas",
        "cantidad_extraida": 1,
        "indice_anterior": 250,
        "indice_nuevo": 260
      },
      {
        "fecha": "2026-01-11 16:00:49",
        "grupo": "Prédicas",
        "cantidad_extraida": 1,
        "indice_anterior": 260,
        "indice_nuevo": 270
      },
      {
        "fecha": "2026-01-12 13:00:41",
        "grupo": "Prédicas",
        "cantidad_extraida": 1,
        "indice_anterior": 270,
        "indice_nuevo": 280
      },
      {
        "fecha": "2026-01-13 09:52:26",
        "grupo": "Prédicas",
        "cantidad_extraida": 1,
        "indice_anterior": 280,
        "indice_nuevo": 290
      },
      {
        "fecha": "2026-01-13 11:00:45",
        "grupo": "Prédicas",
        "cantidad_extraida": 1,
        "indice_anterior": 290,
        "indice_nuevo": 300
      },
      {
        "fecha": "2026-01-14 11:00:51",
        "grupo": "Prédicas",
        "cantidad_extraida": 1,
        "indice_anterior": 300,
        "indice_nuevo": 310
      },
      {
        "fecha": "2026-01-15 09:11:08",
        "grupo": "Prédicas",
        "cantidad_extraida": 1,
        "indice_anterior": 310,
        "indice_nuevo": 320
      },
      {
        "fecha": "2026-01-15 13:00:40",
        "grupo": "Prédicas",
        "cantidad_extraida": 1,
        "indice_anterior": 320,
        "indice_nuevo": 330
      },
      {
        "fecha": "2026-01-15 13:39:40",
        "grupo": "Prédicas",
        "cantidad_extraida": 1,
        "indice_anterior": 330,
        "indice_nuevo": 340
      },
      {
        "fecha": "2026-01-16 13:21:27",
        "grupo": "Prédicas",
        "cantidad_extraida": 1,
        "indice_anterior": 340,
        "indice_nuevo": 350
      },
      {
        "fecha": "2026-01-17 16:00:50",
        "grupo": "Prédicas",
        "cantidad_extraida": 1,
        "indice_anterior": 350,
        "indice_nuevo": 360
      },
      {
        "fecha": "2026-01-18 13:00:47",
        "grupo": "Prédicas",
        "cantidad_extraida": 1,
        "indice_anterior": 360,
        "indice_nuevo": 370
      },
      {
        "fecha": "2026-01-20 16:00:55",
        "grupo": "Prédicas",
        "cantidad_extraida": 1,
        "indice_anterior": 370,
        "indice_nuevo": 380
      },
      {
        "fecha": "2026-01-21 11:00:47",
        "grupo": "Prédicas",
        "cantidad_extraida": 1,
        "indice_anterior": 380,
        "indice_nuevo": 390
      },
      {
        "fecha": "2026-01-21 16:00:43",
        "grupo": "Prédicas",
        "cantidad_extraida": 1,
        "indice_anterior": 390,
        "indice_nuevo": 400
      },
      {
        "fecha": "2026-01-27 15:09:30",
        "grupo": "Prédicas",
        "cantidad_extraida": 1,
        "indice_anterior": 400,
        "indice_nuevo": 410
      },
      {
        "fecha": "2026-01-27 22:21:24",
        "grupo": "Prédicas",
        "cantidad_extraida": 1,
        "indice_anterior": 410,
        "indice_nuevo": 420
      },
      {
        "fecha": "2026-01-28 16:08:31",
        "grupo": "Prédicas",
        "cantidad_extraida": 1,
        "indice_anterior": 420,
        "indice_nuevo": 430
      },
      {
        "fecha": "2026-01-28 19:48:00",
        "grupo": "Prédicas",
        "cantidad_extraida": 1,
        "indice_anterior": 430,
        "indice_nuevo": 440
      },
      {
        "fecha": "2026-01-29 22:18:49",
        "grupo": "Prédicas",
        "cantidad_extraida": 1,
        "indice_anterior": 440,
        "indice_nuevo": 450
      },
      {
        "fecha": "2026-01-30 18:25:23",
        "grupo": "Prédicas",
        "cantidad_extraida": 1,
        "indice_anterior": 450,
        "indice_nuevo": 460
      },
      {
        "fecha": "2026-01-30 18:54:35",
        "grupo": "Prédicas",
        "cantidad_extraida": 1,
        "indice_anterior": 460,
        "indice_nuevo": 470
      },
      {
        "fecha": "2026-01-30 19:53:17",
        "grupo": "Prédicas",
        "cantidad_extraida": 1,
        "indice_anterior": 470,
        "indice_nuevo": 480
      },
      {
        "fecha": "2026-01-31 08:40:46",
        "grupo": "Prédicas",
        "cantidad_extraida": 1,
        "indice_anterior": 480,
        "indice_nuevo": 490
      },
      {
        "fecha": "2026-02-01 11:00:44",
        "grupo": "Prédicas",
        "cantidad_extraida": 1,
        "indice_anterior": 490,
        "indice_nuevo": 500
      },
      {
        "fecha": "2026-02-01 16:00:43",
        "grupo": "Prédicas",
        "cantidad_extraida": 1,
        "indice_anterior": 500,
        "indice_nuevo": 510
      },
      {
        "fecha": "2026-02-02 10:58:01",
        "grupo": "Prédicas",
        "cantidad_extraida": 1,
        "indice_anterior": 510,
        "indice_nuevo": 520
      },
      {
        "fecha": "2026-02-02 13:00:41",
        "grupo": "Prédicas",
        "cantidad_extraida": 1,
        "indice_anterior": 520,
        "indice_nuevo": 530
      },
      {
        "fecha": "2026-02-02 13:38:33",
        "grupo": "Prédicas",
        "cantidad_extraida": 1,
        "indice_anterior": 530,
        "indice_nuevo": 540
      },
      {
        "fecha": "2026-02-02 16:20:17",
        "grupo": "Prédicas",
        "cantidad_extraida": 1,
        "indice_anterior": 540,
        "indice_nuevo": 550
      },
      {
        "fecha": "2026-02-03 08:29:10",
        "grupo": "Prédicas",
        "cantidad_extraida": 1,
        "indice_anterior": 550,
        "indice_nuevo": 560
      },
      {
        "fecha": "2026-02-03 11:00:43",
        "grupo": "Prédicas",
        "cantidad_extraida": 1,
        "indice_anterior": 560,
        "indice_nuevo": 570
      },
      {
        "fecha": "2026-02-04 08:40:41",
        "grupo": "Prédicas",
        "cantidad_extraida": 1,
        "indice_anterior": 570,
        "indice_nuevo": 580
      },
      {
        "fecha": "2026-02-04 11:00:49",
        "grupo": "Prédicas",
        "cantidad_extraida": 1,
        "indice_anterior": 580,
        "indice_nuevo": 590
      },
      {
        "fecha": "2026-02-04 16:00:45",
        "grupo": "Prédicas",
        "cantidad_extraida": 1,
        "indice_anterior": 590,
        "indice_nuevo": 600
      },
      {
        "fecha": "2026-02-05 13:00:41",
        "grupo": "Prédicas",
        "cantidad_extraida": 1,
        "indice_anterior": 600,
        "indice_nuevo": 610
      },
      {
        "fecha": "2026-02-06 08:40:51",
        "grupo": "Prédicas",
        "cantidad_extraida": 1,
        "indice_anterior": 610,
        "indice_nuevo": 620
      },
      {
        "fecha": "2026-02-07 08:40:46",
        "grupo": "Prédicas",
        "cantidad_extraida": 1,
        "indice_anterior": 620,
        "indice_nuevo": 630
      },
      {
        "fecha": "2026-02-07 13:00:45",
        "grupo": "Prédicas",
        "cantidad_extraida": 1,
        "indice_anterior": 630,
        "indice_nuevo": 640
      },
      {
        "fecha": "2026-02-08 13:00:41",
        "grupo": "Prédicas",
        "cantidad_extraida": 1,
        "indice_anterior": 640,
        "indice_nuevo": 650
      },
      {
        "fecha": "2026-02-09 16:00:46",
        "grupo": "Prédicas",
        "cantidad_extraida": 1,
        "indice_anterior": 650,
        "indice_nuevo": 660
      },
      {
        "fecha": "2026-02-10 16:00:50",
        "grupo": "Prédicas",
        "cantidad_extraida": 1,
        "indice_anterior": 660,
        "indice_nuevo": 670
      },
      {
        "fecha": "2026-02-10 22:25:28",
        "grupo": "Prédicas",
        "cantidad_extraida": 1,
        "indice_anterior": 670,
        "indice_nuevo": 680
      },
      {
        "fecha": "2026-02-11 11:58:52",
        "grupo": "Prédicas",
        "cantidad_extraida": 1,
        "indice_anterior": 680,
        "indice_nuevo": 690
      },
      {
        "fecha": "2026-02-11 13:00:37",
        "grupo": "Prédicas",
        "cantidad_extraida": 1,
        "indice_anterior": 690,
        "indice_nuevo": 700
      },
      {
        "fecha": "2026-02-12 15:47:26",
        "grupo": "Prédicas",
        "cantidad_extraida": 1,
        "indice_anterior": 700,
        "indice_nuevo": 710
      },
      {
        "fecha": "2026-02-13 21:18:17",
        "grupo": "Prédicas",
        "cantidad_extraida": 1,
        "indice_anterior": 710,
        "indice_nuevo": 720
      }
    ]
  }
}