{
  "grupos": [
    {
      "nombre": "Milagro House Bacansisimo",
      "tipo": "grupo",
      "activo": true,
      "descripcion": "Grupo Milagro House"
    },
    {
      "nombre": "Iglesia del Señor",
      "tipo": "grupo",
      "activo": true,
      "descripcion": "Grupo principal de la iglesia"
    },
    {
      "nombre": "Desarrollo Martinez",
      "tipo": "grupo",
      "activo": true,
      "descripcion": "Grupo Desarrollo Martinez"
    },
    {
      "nombre": "Mercy",
      "tipo": "individual",
      "activo": true,
      "descripcion": "Chat personal con Mercy"
    }
  ]
}
